{"entry": [-1.4039646341822627, -78.86732512677263, 4019.0249414037835], "muzzle": [-1.415, -78.7419999999999, 4651.200000003075], "az": 95, "exit_angle": 2.585455327432696, "maxcut": 121.49602470799255, "maxfill": 118.66624107462667, "profile": [[0.0, 4019.0249414037835], [0.1, 3969.157389199181], [0.2, 3939.2836950085866], [0.30000000000000004, 3949.401010668878], [0.4, 3970.647776393289], [0.5, 4007.13855566463], [0.6000000000000001, 4009.9775866219475], [0.7000000000000001, 4004.6045371536225], [0.8, 4009.222941121388], [0.9, 4025.273360264042], [1.0, 4035.9153316279076], [1.1, 4041.982483540403], [1.2000000000000002, 4052.3221183486667], [1.3, 4052.9693461563315], [1.4000000000000001, 4057.728248258831], [1.5, 4060.00994676043], [1.6, 4064.630725039925], [1.7000000000000002, 4066.136805187919], [1.8, 4063.8847500709376], [1.9000000000000001, 4043.1456657491285], [2.0, 4032.8917410248846], [2.1, 4037.076397765934], [2.2, 4035.9877889544923], [2.3000000000000003, 4041.7003138734935], [2.4000000000000004, 4052.925860762046], [2.5, 4063.250173359881], [2.6, 4076.5074460345063], [2.7, 4087.1393237847255], [2.8000000000000003, 4076.885764804663], [2.9000000000000004, 4056.7212764582255], [3.0, 4066.598140024472], [3.1, 4087.2068997277065], [3.2, 4110.411328450548], [3.3000000000000003, 4125.204554825745], [3.4000000000000004, 4115.250592630971], [3.5, 4073.589084748027], [3.6, 4076.28960766199], [3.7, 4077.7651152912995], [3.8000000000000003, 4086.432695581538], [3.9000000000000004, 4092.7316848822366], [4.0, 4110.8927530132705], [4.1000000000000005, 4138.1060763246805], [4.2, 4168.825719839656], [4.3, 4192.830587366858], [4.4, 4198.7706197316365], [4.5, 4209.698775728736], [4.6000000000000005, 4193.012540050209], [4.7, 4172.274804153349], [4.800000000000001, 4155.457870581186], [4.9, 4143.919668555794], [5.0, 4144.601677866233], [5.1000000000000005, 4154.945896508151], [5.2, 4164.098708364021], [5.300000000000001, 4181.857538149759], [5.4, 4202.560196515886], [5.5, 4221.595220221922], [5.6000000000000005, 4234.96595884638], [5.7, 4238.158287259878], [5.800000000000001, 4225.700201446505], [5.9, 4228.224327676919], [6.0, 4229.278788642578], [6.1000000000000005, 4229.927557489587], [6.2, 4233.583167169759], [6.300000000000001, 4237.035915331472], [6.4, 4239.13900413898], [6.5, 4234.819050004444], [6.6000000000000005, 4238.002550659354], [6.7, 4257.2983593353265], [6.800000000000001, 4289.992991146501], [6.9, 4327.5151225698355], [7.0, 4341.065095765366], [7.1000000000000005, 4350.506657321598], [7.2, 4357.609076578188], [7.300000000000001, 4355.316242613525], [7.4, 4348.9928025379095], [7.5, 4347.828698024987], [7.6000000000000005, 4344.469724988835], [7.7, 4346.068600692407], [7.800000000000001, 4374.816771296291], [7.9, 4402.932622160208], [8.0, 4413.234251052679], [8.1, 4414.216794516504], [8.200000000000001, 4418.996101338911], [8.3, 4397.759166897086], [8.4, 4360.3770049138075], [8.5, 4348.0169344417545], [8.6, 4354.433229329873], [8.700000000000001, 4365.840524356632], [8.8, 4378.242341233419], [8.9, 4388.011423297353], [9.0, 4394.210223652741], [9.1, 4402.766459869795], [9.200000000000001, 4409.758411238499], [9.3, 4419.551713314687], [9.4, 4433.741589109348], [9.5, 4440.275035875297], [9.600000000000001, 4449.494706274315], [9.700000000000001, 4460.767806430097], [9.8, 4493.297696911043], [9.9, 4532.881104414682], [10.0, 4549.942153509606], [10.100000000000001, 4574.340928188506], [10.200000000000001, 4584.906888330651], [10.3, 4572.618352287058], [10.4, 4537.616974151353], [10.5, 4538.939215140895], [10.600000000000001, 4541.509268926194], [10.700000000000001, 4548.32157925108], [10.8, 4581.923426441379], [10.9, 4620.8793254327], [11.0, 4637.229940725505], [11.100000000000001, 4631.066563248825], [11.200000000000001, 4600.590848314906], [11.3, 4569.744429105391], [11.4, 4572.909318768543], [11.5, 4585.006052360189], [11.600000000000001, 4597.041798684522], [11.700000000000001, 4606.892184435272], [11.8, 4601.651427091848], [11.9, 4609.923284639174], [12.0, 4611.832833655713], [12.100000000000001, 4626.829264036069], [12.200000000000001, 4646.092135922348], [12.3, 4609.014878746286], [12.4, 4580.818062031996], [12.5, 4559.474896475934], [12.600000000000001, 4520.492979222115], [12.700000000000001, 4473.831789201371], [12.8, 4497.620800022208], [12.9, 4564.601815542281], [13.0, 4576.636609777031], [13.100000000000001, 4582.291518440119], [13.200000000000001, 4593.296447046915], [13.3, 4617.426506985087], [13.4, 4699.227083204302], [13.5, 4678.0704232048465], [13.600000000000001, 4645.54761515241], [13.700000000000001, 4614.508370345055], [13.8, 4613.3022900556725], [13.9, 4602.8095928064895], [14.0, 4621.200000003075], [14.100000000000001, 4603.816670415416], [14.200000000000001, 4494.603937619029], [14.3, 4403.956390157557], [14.4, 4323.03548251233], [14.5, 4265.443098708008], [14.600000000000001, 4217.484860763436], [14.700000000000001, 4188.450468117158], [14.8, 4170.207295156716], [14.9, 4158.784739786179], [15.0, 4158.894155318016], [15.100000000000001, 4142.167738895753], [15.200000000000001, 4133.1199459859545], [15.3, 4129.039025719678], [15.4, 4139.81707079404], [15.5, 4155.32825304611], [15.600000000000001, 4163.085302461591], [15.700000000000001, 4157.27559118331], [15.8, 4174.7868388999], [15.9, 4199.985724741845], [16.0, 4263.135763925615], [16.1, 4231.196351632236], [16.2, 4178.353286740292], [16.3, 4122.064624385017], [16.400000000000002, 4094.5883662808587], [16.5, 4086.178598641493], [16.6, 4083.079447103123], [16.7, 4054.0765278978915], [16.8, 4038.71367100164], [16.900000000000002, 4029.8240021896777], [17.0, 4028.3466392325695], [17.1, 4044.387225759863], [17.2, 4048.7851298620985], [17.3, 4049.74947355802], [17.400000000000002, 4032.3544122073868], [17.5, 4017.1994041773723], [17.6, 3994.224567459016], [17.7, 3967.058362394876], [17.8, 3934.249942770898], [17.900000000000002, 3914.7691044862872], [18.0, 3887.7245400102574], [18.1, 3871.3959975192106], [18.2, 3862.515666162614], [18.3, 3865.6733016412018], [18.400000000000002, 3871.9685950630874], [18.5, 3884.2369189153887], [18.6, 3862.8002695081827], [18.7, 3817.5935428650337], [18.8, 3783.706297206423], [18.900000000000002, 3773.5131917511426], [19.0, 3773.3599981609673], [19.1, 3771.617377408764], [19.200000000000003, 3761.9316662774377], [19.3, 3728.2569991974883], [19.400000000000002, 3691.3600503449115], [19.5, 3655.125730023957], [19.6, 3631.1568608136313], [19.700000000000003, 3608.937161053663], [19.8, 3594.151322274579], [19.900000000000002, 3571.9773287702756], [20.0, 3546.582159629778]]}