{"az": 95, "off": -0.5, "h0": 5500, "theta": 6.5, "s_in": -36.599999999999895, "s_out": 1.2000000000006423, "L": 37.80000000000054, "entry": [-1.4358455862023138, -79.14474409828271, 1329.9567361597874], "exit": [-1.465641073910205, -78.80636625599634, 5636.722729962048], "maxvia": 425.09347277536335, "maxtun": 881.4382258911655, "base": [-1.4646951854115413, -78.81710840971972], "dlat": -0.0007882404155526657, "dlon": 0.00895179476948052, "profile": [[-40.599999999999895, 1218.0815824672804], [-40.39999999999989, 1255.2135787590782], [-40.19999999999989, 1274.2617475886777], [-39.999999999999886, 1254.0820975684812], [-39.79999999999988, 1318.2447206059662], [-39.59999999999988, 1338.6161832072812], [-39.39999999999988, 1394.8132003078144], [-39.199999999999875, 1455.8582042981175], [-38.99999999999987, 1521.0171380830675], [-38.79999999999987, 1527.344856075141], [-38.599999999999866, 1396.2911461083693], [-38.399999999999864, 1371.641128480217], [-38.19999999999986, 1394.9918916964546], [-37.99999999999986, 1492.8936403285704], [-37.799999999999855, 1554.3407090381147], [-37.59999999999985, 1602.2038206672726], [-37.39999999999985, 1638.8540133821996], [-37.19999999999985, 1563.6237505982901], [-36.999999999999844, 1452.2963244163175], [-36.79999999999984, 1358.2889356790183], [-36.59999999999984, 1317.7549764485307], [-36.399999999999835, 1324.7498958590168], [-36.19999999999983, 1366.0828088968597], [-35.99999999999983, 1467.9556694970845], [-35.79999999999983, 1556.024536569189], [-35.599999999999824, 1628.4477532840485], [-35.39999999999982, 1695.8395442040012], [-35.19999999999982, 1698.5525157871782], [-34.999999999999815, 1755.187861493672], [-34.79999999999981, 1805.5865707912487], [-34.59999999999981, 1840.8662265847836], [-34.39999999999981, 1995.375293936293], [-34.199999999999804, 2102.9454830783466], [-33.9999999999998, 2112.5289606544657], [-33.7999999999998, 2072.470373141904], [-33.599999999999795, 2079.9509599654725], [-33.39999999999979, 2128.7802911598255], [-33.19999999999979, 2191.774309621588], [-32.99999999999979, 2194.862498945634], [-32.799999999999784, 2175.4405888489373], [-32.59999999999978, 2226.044378974735], [-32.39999999999978, 2233.6600973057284], [-32.199999999999775, 2275.2475613584893], [-31.999999999999773, 2313.3427544668193], [-31.79999999999977, 2324.31824255766], [-31.599999999999767, 2311.861077238058], [-31.399999999999764, 2270.2706631556725], [-31.19999999999976, 2355.3260114349573], [-30.99999999999976, 2296.704137955854], [-30.799999999999756, 2302.0790478021418], [-30.599999999999753, 2297.3406242979704], [-30.39999999999975, 2240.255549532236], [-30.199999999999747, 2170.2988945346638], [-29.999999999999744, 2162.3958847137055], [-29.79999999999974, 2164.1201582029607], [-29.59999999999974, 2223.3708181433913], [-29.399999999999736, 2302.700077438818], [-29.199999999999733, 2312.836418242714], [-28.99999999999973, 2383.480542383677], [-28.799999999999727, 2395.482816476316], [-28.599999999999724, 2471.1089240189713], [-28.39999999999972, 2547.097405165555], [-28.19999999999972, 2632.702586250365], [-27.999999999999716, 2731.8244404235375], [-27.799999999999713, 2806.2317717659284], [-27.59999999999971, 2872.0717609041876], [-27.399999999999707, 2952.046203444947], [-27.199999999999704, 2972.084767504407], [-26.9999999999997, 3003.3700584358908], [-26.7999999999997, 3097.284607104253], [-26.599999999999696, 3226.533931761434], [-26.399999999999693, 3358.9666381447782], [-26.19999999999969, 3396.3252883880828], [-25.999999999999687, 3375.2244933145826], [-25.799999999999685, 3359.9559303522], [-25.59999999999968, 3316.567735989589], [-25.39999999999968, 3292.2445061488797], [-25.199999999999676, 3272.695704530409], [-24.999999999999673, 3328.4247216593085], [-24.79999999999967, 3393.754300462647], [-24.599999999999667, 3379.262506733552], [-24.399999999999665, 3411.0382544968775], [-24.199999999999662, 3410.275960640173], [-23.99999999999966, 3397.4569564949725], [-23.799999999999656, 3387.0722237804985], [-23.599999999999653, 3354.4657168850904], [-23.39999999999965, 3399.6913729805055], [-23.199999999999648, 3457.8851259388807], [-22.999999999999645, 3532.356506688644], [-22.799999999999642, 3592.991854998542], [-22.59999999999964, 3552.5041918797465], [-22.399999999999636, 3493.0992438249596], [-22.199999999999633, 3465.625265935354], [-21.99999999999963, 3436.1741808797146], [-21.799999999999628, 3419.136194347913], [-21.599999999999625, 3502.0792581732026], [-21.399999999999622, 3530.526320700386], [-21.19999999999962, 3588.8854119085436], [-20.999999999999616, 3637.0109532267447], [-20.799999999999613, 3666.2159887718117], [-20.59999999999961, 3640.7236544690722], [-20.399999999999608, 3586.9359393034306], [-20.199999999999605, 3524.318594833947], [-19.999999999999602, 3546.834222809593], [-19.7999999999996, 3582.613868027656], [-19.599999999999596, 3618.185161907655], [-19.399999999999594, 3599.4932371048963], [-19.19999999999959, 3600.9561186774586], [-18.999999999999588, 3657.7721750043206], [-18.799999999999585, 3693.642905539872], [-18.599999999999582, 3749.1006133676456], [-18.39999999999958, 3792.7256172800544], [-18.199999999999577, 3819.9423455251317], [-17.999999999999574, 3848.158880363918], [-17.79999999999957, 3907.097683347405], [-17.599999999999568, 3963.527119985497], [-17.399999999999565, 3972.861232337803], [-17.199999999999562, 3927.7382168162844], [-16.99999999999956, 3913.95083203975], [-16.799999999999557, 3870.1366227860667], [-16.599999999999554, 3834.0012717090744], [-16.39999999999955, 3850.3276606000854], [-16.199999999999548, 3900.390728268194], [-15.999999999999545, 3943.3634433237085], [-15.799999999999542, 4012.1003944835156], [-15.59999999999954, 4065.0207838328515], [-15.399999999999537, 4130.616506935158], [-15.199999999999534, 4140.131205298436], [-14.999999999999531, 4118.542475290147], [-14.799999999999528, 4073.8604740855926], [-14.599999999999525, 4034.9348939567544], [-14.399999999999523, 4008.3237254722344], [-14.19999999999952, 4038.1806021434713], [-13.999999999999517, 4071.0055877904265], [-13.799999999999514, 4102.759981761425], [-13.599999999999511, 4130.049226733657], [-13.399999999999508, 4136.3142969115925], [-13.199999999999505, 4107.670397510948], [-12.999999999999503, 4094.432565163408], [-12.7999999999995, 4139.551198675961], [-12.599999999999497, 4150.5469728721], [-12.399999999999494, 4135.1214736809325], [-12.199999999999491, 4082.9179051810524], [-11.999999999999488, 4073.010005487935], [-11.799999999999486, 4106.211703892479], [-11.599999999999483, 4136.196414890928], [-11.39999999999948, 4135.415660565876], [-11.199999999999477, 4117.110918124179], [-10.999999999999474, 4136.1489572495575], [-10.799999999999471, 4158.216128493457], [-10.599999999999469, 4150.27330423099], [-10.399999999999466, 4128.729120566434], [-10.199999999999463, 4061.176719325771], [-9.99999999999946, 3982.07874708281], [-9.799999999999457, 4030.2920071779135], [-9.599999999999454, 3992.3277458877274], [-9.399999999999451, 4003.9118091892246], [-9.199999999999449, 4039.1531032555863], [-8.999999999999446, 4067.3177967053534], [-8.799999999999443, 4086.340095234783], [-8.59999999999944, 4118.690688097098], [-8.399999999999437, 4155.6096168166605], [-8.199999999999434, 4195.576597949083], [-7.999999999999432, 4234.134059391053], [-7.799999999999429, 4272.6688720975], [-7.599999999999426, 4302.45663121201], [-7.399999999999423, 4319.628866875843], [-7.19999999999942, 4342.787875489232], [-6.999999999999417, 4364.415014301371], [-6.7999999999994145, 4381.64651169043], [-6.599999999999412, 4396.294035711687], [-6.399999999999409, 4399.85327525434], [-6.199999999999406, 4407.606804726139], [-5.999999999999403, 4427.795466319705], [-5.7999999999994, 4456.822210317535], [-5.5999999999993975, 4488.847422444171], [-5.399999999999395, 4513.612910564079], [-5.199999999999392, 4539.241239613832], [-4.999999999999389, 4567.857360006408], [-4.799999999999386, 